No,Provinsi,Kab/Kota,Tanggal Kejadian,Tanggal Laporan,Tahapan,Peristiwa,Jabatan Terlapor,Jenis Pelanggaran,,,
,,,,,,,,Pidana,ADM,Kode Etik ,Lainnya 
1,Kalimantan Selatan,,6-May-18,15-May-18,Pendaftaran Dan Verifikasi Peserta Pemilu,Adanya Informasi oknum yang membagi-bagikan sejumlah duplikat copy KTP calon perseorangan di Pilkada Tabalong untuk dipergunakan sebagai Pemenuhan syarat calon Anggota DPD RI.,Dosen,,,v,
2,Kalimantan Selatan,,20-Jul-18,27-Jul-18,Pendaftaran Dan Verifikasi Peserta Pemilu,Dugaan Pelanggaran Yang Dilakukan Oleh Salah Satu Bakal Calon Anggota DPRD Provinsi Kalimantan Selatan.,Caleg,v,,,
3,Kalimantan Selatan,,15-Oct-18,25-Oct-18,Kampanye,"Dugaan pelanggaran yang Kegiatan Deklarasi dukungan Kepala Daerah Provinsi dan Kabupaten/Kota Se-Kalimantan Selatan terhadap Pasangan Calon Presiden Joko Widodo dan Ma’ruf Amin yang dilaksanakan pada hari Sabtu, tanggal 6 Oktober 2018 yang bertempat di Posko Tim Kampanye Daerah Provinsi Kalimantan Selatan.",Kepala Daerah (Pejabat Negara),,,,
4,Kalimantan Selatan,,10-Mar-19,12-Mar-19,Kampanye,"Dugaan pelanggaran Penurunan Alat Peraga Kampanye Pasangan Calon Presiden Nomor Urut 01 disepanjang Jalan A. Yani KM 24-28 Landasan Ulin, Kota Banjarbaru.",Penyelenggara pemilu,,,,
5,Kalimantan Selatan,Kabupaten Balangan,28-Jan-19,30-Jan-19,Kampanye,Dugaan pelanggaran berupa pemasangan Alat Peraga Kampanye melebihi jumlah oleh DPC Partai Demokrasi Indonesia Perjuangan Kab. Balangan.,Peserta Pemilu 2019,,v,,
6,Kalimantan Selatan,Kabupaten Banjar,2-May-18,1-May-18,Pencalonan,Dugaan Pelanggaran Persyaratan seleksi PPS yang terpilih sudah pernah menjabat 2 (Dua) Kali Periode,Penyelenggara pemilu,,v,,
7,Kalimantan Selatan,Kabupaten Banjar,2-May-18,2-May-18,Pencalonan,"Dugaan Pelanggaran sebgaiAnggota PPS 2 (Dua) Periode Tahun 2009, 2014, dan 2015 di Desa Kuin Besar",Penyelenggara pemilu,,v,,
8,Kalimantan Selatan,Kabupaten Banjar,3-May-18,3-May-18,Pencalonan,Dugaan Pelanggaran Administrasi oleh Komisi Pemilihan Umum Kabupaten Banjar terkait Proses Pergantian Antar Waktu Anggota DPRD Kabupaten Banjar Partai Keadilan dan Persatuan Indonesia,Penyelenggara pemilu,,,,
9,Kalimantan Selatan,Kabupaten Banjar,1-Aug-18,10-Aug-18,Pencalonan,Dugaan Pelanggaran Persyaratan menjadi Anggota Panitia Pemungutan Suara (PPS) Desa Pakutik,Penyelenggara pemilu,,,,v
10,Kalimantan Selatan,Kabupaten Banjar,15-Aug-18,15-Aug-18,Pencalonan,Dugaan pelanggaran pemilu terkait ikatan perkawinan sesama penyelenggara pemilu atas nama Saudari Yuli Fatmasari Anggota PPS Desa Kampung Baru Kecamatan Beruntung Baru dengan Saudara Zainurrahman Ketua Panwaslu Kecamatan Tatah Makmu,Penyelenggara pemilu,,,,v
11,Kalimantan Selatan,Kabupaten Banjar,15-Aug-18,15-Aug-18,Pencalonan,Dugaan Pelanggaran Anggota Panitia Pemungutan Suara (PPS) Labuan Tabu merangkap jabatan sebagai Panitia Pemutakhiran Data Pemilih (Pantarlih) Desa Labuan Tabu TPS 01 RT.01,Penyelenggara pemilu,,,,v
12,Kalimantan Selatan,Kabupaten Banjar,15-Aug-18,15-Aug-18,Pencalonan,Dugaan  pelanggaran keterlibatan penyelenggara pemilu panitia pemungutan suara (PPS) Kec.Kertak   Hanyar sebagai kepengurusan dan Anggota  DPAC Partai Politik Golkar Tingkat Kecamatan.,Penyelenggara pemilu,,,,v
13,Kalimantan Selatan,Kabupaten Banjar,15-Aug-18,15-Aug-18,Pencalonan,Dugaan pelanggaran persyaratan menjadi Anggota Panitia Pemungutan Suara (PPS) Desa Sungai Batang Ilir,Penyelenggara pemilu,,,,v
14,Kalimantan Selatan,Kabupaten Banjar,15-Aug-18,15-Aug-18,Pencalonan,Dugaan pelanggaran persyaratan menjadi Anggota Panitia Pemungutan Suara (PPS) Desa Sungai Rangas,Penyelenggara pemilu,,,,v
15,Kalimantan Selatan,Kabupaten Banjar,15-Aug-18,15-Aug-18,Pencalonan,Dugaan pelanggaran persyaratan menjadi Anggota Panitia Pemungutan Suara (PPS) Desa Sungai Rangas,Penyelenggara pemilu,,,,v
16,Kalimantan Selatan,Kabupaten Banjar,15-Aug-18,15-Aug-18,Pencalonan,Dugaan pelanggaran persyaratan menjadi Anggota Panitia Pemungutan Suara (PPS) Desa Sungai Rangas Tengah,Penyelenggara pemilu,,,,v
17,Kalimantan Selatan,Kabupaten Banjar,2-Nov-18,5-Nov-18,Kampanye,Dugaan Pelanggaran Persyaratan menjadi Anggota Panitia Pemilihan Kecamatan (PPK) Kecamatan Sungai Pinang,Penyelenggara pemilu,,v,,
18,Kalimantan Selatan,Kabupaten Barito Kuala,30-Mar-18,31-Mar-18,Pemutakhiran Data Pemilih,Dugaan pelanggaran persyaratan menjadi Staf Sekretariat Panitia Pemungutan Suara (PPS) Desa Sungai Batang Ilir,ASN,,,,v
19,Kalimantan Selatan,Kabupaten Barito Kuala,30-Aug-18,4-Sep-18,Pencalonan,Dugaan pelanggaran persyaratan menjadi Staf Sekretariat Panitia Pemungutan Suara (PPS) Desa Sungai Batang,Penyelenggara pemilu,,,v,
20,Kalimantan Selatan,Kabupaten Barito Kuala,27-Oct-18,6-Nov-18,Kampanye,Dugaan pelanggaran persyaratan menjadi Staf Sekretariat Panitia Pemungutan Suara (PPS) Desa Sungai Batang,Anggota legislatif,,,,
21,Kalimantan Selatan,Kabupaten Hulu Sungai Selatan,8-Oct-18,8-Oct-18,Kampanye,Dugaan ASN tidak Netral,ASN,,,,v
22,Kalimantan Selatan,Kabupaten Hulu Sungai Tengah,25-Oct-18,25-Oct-18,Kampanye,Pemasangan Atribut Partai (Bendera yang Memuat Logo dan Nomor Urut Partai Politik GOLKAR ),Pengurus Parpol,,v,,
23,Kalimantan Selatan,Kabupaten Hulu Sungai Tengah,27-Oct-18,27-Oct-18,Kampanye,Dugaan pembagian bingkisan sembako yang didalamnya terdapat kalender dan kartu nama Calon Anggota DPR RI,Pengurus Parpol,,v,,
24,Kalimantan Selatan,Kabupaten Hulu Sungai Tengah,29-Oct-18,29-Oct-18,Kampanye,"Saudara Sadidi, S.Sos., M.Si mengucapkan selamat kepada Walikota dan Wakil Walikota Baubau Terpilih yang didalam ucapan selamat tersebut terdapat Logo Partai Pengusung Walikota dan Wakil Walikota Baubau Terpilih Periode 2018-2023.",Pengurus Parpol,,v,,
25,Kalimantan Selatan,Kabupaten Hulu Sungai Tengah,5-Nov-18,5-Nov-18,Kampanye,Keterlibatan ASN dalam Kampanye,Pengurus Parpol,,v,,
26,Kalimantan Selatan,Kabupaten Hulu Sungai Tengah,18-Jan-19,18-Jan-19,Kampanye,Dugaan Pelanggaran Keputusan Komisi Pemilhan Umum Republik Indonesia Nomor 1096/PL.01.5-Kpt/06/KPU/9/2018 Tentang Petunjuk Teknis Fasilitasi Metode Kampanye Dalam Pemilihan Umum Tahun 2019.,Tim sukses,,,,
27,Kalimantan Selatan,Kabupaten Tabalong,27-Aug-18,28-Aug-18,Pendaftaran Dan Verifikasi Peserta Pemilu,Dugaan Pelanggaran Administrasi Pemilihan Umum berupa Pemasangan Bendera di pepohonan dan Fasilitas milik Pemerintahan Desa Durian Gantang,Pengurus Parpol,,,,
28,Kalimantan Selatan,Kabupaten Tabalong,24-Sep-18,25-Sep-18,Kampanye,"Dugaan Pelanggaran Netralitas ASN dan Kepala Desa, yaitu memberikan dukungan kepada Calon Anggota DPRD Kabupaten Tabalong  melalui media sosial.",ASN,,,,v
29,Kalimantan Selatan,Kabupaten Tabalong,24-Sep-18,25-Sep-18,Kampanye,"Adanya iklan Kampanye Partai Politik Peserta Pemilu 2019 (Partai Demokrat) di media cetak, dengan menampilkan Logo Partai beserta Nomor Urut Partai tersebut.",Penyelenggara pemilu,,v,,
30,Kalimantan Selatan,Kabupaten Tabalong,27-Dec-18,7-Jan-19,Kampanye,"Pada Hari Jumat, Tanggal 18 Januari 2019 pukul 08.41 Bawaslu Kabupaten Hulu Sungai Tengah, menerima Laporan dari Panwaslu Kecamatan Batang Alai Utara bahwa Panwaslu Kecamatan Batang Alai Utara menemukan Dugaan Pelanggaran, perihal kegiatan kampanye yang dilaksanakan ditempat pendidikan. Kegiatan kampanye yang dilaksanakan pada hari Jumat tersebut bertempat di halaman SDN Awang Baru. Sedangkan pada Undangan dan STTP tertulis kegiatan kampanye akan dilaksanakan di Gedung Pertemuan Desa Awang Baru. Setelah dipastikan kelapangan, ternyata benar tempat itu adalah halaman SDN Awang Baru yang memang sudah tidak dipergunakan lagi sejak tiga bulan yang lalu, karena adanya penciutan peserta didik, dan beberapa peserta didiknya lainnya dipindahkan ke sekolah lain. Tetapi untuk perpindahan barang-barang baru dilaksanakan pada hari Jumat, 18 Januari 2019.",ASN,,,,v
31,Kalimantan Selatan,Kabupaten Tabalong,22-Jan-19,30-Jan-19,Kampanye,Perusakan Alat Peraga Kampanye (APK) dan Bahan Kampanye milik DPC Partai Gerindra Kabupaten Kotabaru.,Anggota legislatif,,,,".
"
32,Kalimantan Selatan,Kabupaten Tanah Bumbu,6-Nov-18,8-Nov-18,Pencalonan,"Dugaan pelanggaran kampanye dalam pelaksanaan kunjungan kerja dan sosialisasi 4 Pilar oleh Anggota DPR RI Komisi I, An. H. Syaifullah Tamliha, S.Pi, MS dari Partai Persatuan Pembangunan (PPP) di Kecamatan Kelua, Kabupaten Tabalong",Penyelenggara pemilu,,,,
33,Kalimantan Selatan,Kabupaten Tanah Laut,22-Oct-18,29-Oct-18,Pencalonan,Dugaan pelanggaran berupa terdapatnya salah satu Anggota Panitia Pemungutan Suara (PPS)  yang menjadi anggota / pengurus Partai Politik di Kecamatan Bintang Ara.,PTT SMPN 1 Panyipatan,,,v,
34,Kalimantan Selatan,Kabupaten Tapin,2-Feb-19,5-Feb-19,Kampanye,"Bawaslu Kabupaten Tanah Bumbu mendapat Tembusan Surat Keputusan Komisi Pemilihan Umum Kabupaten Tanah Bumbu Nomor : 77/HK.03.1-Kpt/6310/KPU-Kab/ XI/Tahun 2018 tentang Perubahan Keputusan Komisi Pemilihan Umum Nomor : 64/HK.03.1-Kpt/6310/KPU-Kab/IX/Tahun 2018  tentang Penetapan Daftar Calon Tetap Anggota DPRD Kabupaten Tanah Bumbu Dalam Pemilihan Umum Tahun 2019 tertanggal 05 November 2018. Bahwa dalam Surat Keputusan Saudara Salman Susanto, A. Ma Caleg DPRD Kabupaten Tanah Bumbu dari Partai Persatuan Pembangunan (PPP) dihapus dalam Daftar Calon Tetap (DCT)",Caleg,v,,,
35,Kalimantan Selatan,Kabupaten Tapin,17-Feb-19,9-Feb-19,Kampanye,Dugaan Pelanggaran Peraturan Bupati Kabupaten Tanah Laut Nomor 23 Tahun 2013 atas nama Sumiarno PTT di SMPN 1 Panyipatan dan yang bersangkutan terdaftar dalam Daftar Calon Tetap (DCT) di KPU pada Pemilihan Anggota Legislatif  Tahun 2019.,Tidak diketahui,,,,
36,Kalimantan Selatan,Kota Banjarbaru,8-Feb-18,8-Feb-18,Pemutakhiran Data Pemilih,"DR. H Syahriani, M.Si yang merupakan ASN di Bappeda Provinsi Kalimantan Selatan memberikan sambutan selaku panitia pelaksana kegiatan acara tersebut. Dalam sambutannya ada salah satu pernyataan yang menyampaikan bahwa: “saya berdiri disini mencoba untuk memberikan simbol-simbol bahwa saya bergabung di Partai Gerindra”. Bahwa berdasarkan informasi tersebut terjadi dugaan pelanggaran netralitas ASN Berdasarkan Pasal 2 UU Nomor 5 Tahun 2014 tentang Aparatur Sipil Negara ",ASN,,,,v
37,Kalimantan Selatan,Kota Banjarbaru,25-May-18,25-May-18,Pencalonan,"Pemasangan iklan dengan logo parpol yang berisi ucapan Selamat atas Peningkatan Tipe Polda Kalimantan Selatan dari Tipe B ke Tipe A di SKH Radar Banjarmasin terbitan  hari Jumat, tanggal 25 Mei 2018 di halaman 6 (untuk iklan dan ucapan dari PKB).",Pengurus Parpol,,,,
38,Kalimantan Selatan,Kota Banjarbaru,25-May-18,25-May-18,Pencalonan,"Pemasangan iklan dengan logo parpol yang berisi ucapan Selamat atas Peningkatan Tipe Polda Kalimantan Selatan dari Tipe B ke Tipe A di SKH Radar Banjarmasin terbitan  hari Jumat, tanggal 25 Mei 2018 di halaman 24 (untuk iklan dan ucapan dari PAN).",Pengurus Parpol,,,,
39,Kalimantan Selatan,Kota Banjarbaru,24-Oct-18,24-Oct-18,Kampanye,"Pada Hari Rabu 24 Oktober 2018 pukul 10.00 Panwaslu Kelurahan Loktabat Utara melakukan kegiatan pengawasan di wilayah kelurahan loktabat utara. Dalam pengawasan ditemukan alat peraga kampanye atas nama caleg Ust, ZAKIANI, SHI di dua titikyaitu simpang 3, jalan krang anyar 1 RT 20. Dan simpang 4 jalan karang anyar 2 RT 20, alat perag kampanye atau APK tersebut berbentuk spanduk.",Caleg,,v,,
40,Kalimantan Selatan,Kota Banjarbaru,29-Oct-18,15-Nov-18,Kampanye,Pembagian bahan kampanye berupa kalender yang berisikan Lambang dan Nomor urut Partai Golongan Karya serta foto atau gambar diri Caleg DPRD Kota Banjarbaru Dapil 4 Kecamatan Landasan Ulin atas nama Rizali Hadi . Kalender tersebut dibagikan di sekolah SDN 2 Guntung Manggis oleh salah satu Guru dan didapatkan dari Kepala Sekolah SDN 2 Guntung Manggis atas nama Nurdin.,Caleg,v,,,
41,Kalimantan Selatan,Kota Banjarbaru,15-Nov-18,15-Nov-18,Kampanye,Pembagian bahan kampanye berupa kalender yang berisikan Lambang dan Nomor urut Partai Golongan Karya serta foto atau gambar diri Caleg DPRD Kota Banjarbaru Dapil 4 Kecamatan Landasan Ulin atas nama Rizali Hadi . Kalender tersebut dibagikan di sekolah SDN 2 Guntung Manggis oleh salah satu Guru dan didapatkan dari Kepala Sekolah SDN 2 Guntung Manggis atas nama Nurdin.,Kepala Sekolah SDN 2 Guntung Manggis,,,,v
42,Kalimantan Selatan,Kota Banjarmasin,27-Apr-18,30-Apr-18,Pemutakhiran Data Pemilih,Pantarlih Yang Disewakelolakan,Ketua RT. 032 Rw. 002 ,,,,v
43,Kalimantan Selatan,Kota Banjarmasin,5-Jun-18,6-May-18,Pencalonan,Pemasangan alat peraga kampanye di tempat umum yang bukan sekretariat parpol ,Pengurus Parpol,,v,,
44,Kalimantan Selatan,Kota Banjarmasin,21-Apr-18,20-May-18,Pencalonan,"Melanggar Pasal 276 (2) tentang kampanye pemilu lewat media massa cetak, elektronik dan internet",Pengurus Parpol,,,,
45,Kalimantan Selatan,Kota Banjarmasin,8-Oct-18,8-Oct-18,Kampanye,Pemasangan APK Tambahan di tiang telpon,Caleg,,v,,
46,Kalimantan Selatan,Kota Banjarmasin,8-Oct-18,8-Oct-18,Kampanye,Pemasangan APK Tambahan berupa baliho,Caleg,,v,,
47,Kalimantan Selatan,Kota Banjarmasin,8-Oct-18,8-Oct-18,Kampanye,Pemasangan APK Tambahan berupa baliho,Caleg,,v,,
48,Kalimantan Selatan,Kota Banjarmasin,8-Oct-18,8-Oct-18,Kampanye,Pemasangan APK Tambahan berupa baliho,Caleg,,v,,
49,Kalimantan Selatan,Kota Banjarmasin,8-Oct-18,8-Oct-18,Kampanye,Pemasangan APK oleh calon anggota DPD RI,Caleg,,v,,
50,Kalimantan Selatan,Kota Banjarmasin,9-Oct-18,9-Oct-18,Kampanye,Penempatan dan Pemasangan APK,Caleg,,v,,
51,Kalimantan Selatan,Kota Banjarmasin,9-Oct-18,9-Oct-18,Kampanye,Penempatan dan Pemasangan APK,Caleg,,v,,
52,Kalimantan Selatan,Kota Banjarmasin,9-Oct-18,9-Oct-18,Kampanye,Penempatan dan Pemasangan APK,Caleg,,v,,
53,Kalimantan Selatan,Kota Banjarmasin,12-Oct-18,12-Oct-18,Kampanye,Penempatan dan Pemasangan Alat Peraga Kampanye,Caleg,,,,
54,Kalimantan Selatan,Kota Banjarmasin,12-Oct-18,12-Oct-18,Kampanye,Penempatan dan Pemasangan APK,Caleg,,v,,
55,Kalimantan Selatan,Kota Banjarmasin,11-Jan-18,1-Nov-18,Kampanye,Pemasangan alat peraga kampanye di tempat umum yang menempel pada Pohon dan tiang listrik,Pengurus Parpol,,v,,
56,Kalimantan Selatan,Kota Banjarmasin,25-Nov-18,30-Nov-18,Kampanye,"Pasal 491 :
Setiap orang yang mengacaukan, menghalangi, atau mengganggu jalannya kampanye Pemilu dipidana dengan pidana kurungan paling lama 1 (satu) tahun dan denda paling banyak Rp. 12.000.000,00 (dua belas juta rupiah).

Pasal 495 Ayat (1) :
Pelaksana kampanye dan/atau peserta kampanye yang dengan sengaja mengakibatkan terganggunya pelaksanaan Kampanye Pemilu di tingkat kelurahan/desa dipidana dengan pidana kurungan paling lama 1 (satu) tahun dan denda paling banyak Rp12.000.000,00 (dua belas juta rupiah).

Pasal 521 :
Setiap pelaksana, peserta, dan/atau tim Kampanye Pemilu yang dengan sengaja melanggar larangan pelaksanaan Kampanye Pemilu sebagaimana dimaksud dalam Pasal 280 ayat (1) huruf a, huruf b, huruf c, huruf d, huruf e, huruf f, huruf g, huruf h, huruf i, atau huruf j dipidana dengan pidana penjara paling lama 2 (dua) tahun dan denda paling banyak Rp24.000.000,00 (dua puluh empat juta rupiah).

Pasal 280 :
(1) Pelaksana, peserta, dan tim Kampanye Pemilu dilarang:
a. mempersoalkan dasar negara Pancasila, Pembukaan Undang-Undang Dasar Negara Republik Indonesia Tahun 1945, dan bentuk Negara Kesatuan Republik Indonesia;
b. melakukan kegiatan yang membahayakan keutuhan Negara Kesatuan Republik Indonesia;
c. menghina seseorang, agama, suku, ras, golongan, calon, dan/atau Peserta Pemilu yang lain;
d. menghasut dan mengadu domba perseorangan ataupun masyarakat;
e. mengganggu ketertiban umum;
f. mengancam untuk melakukan kekerasan atau menganjurkan penggunaan kekerasan kepada seseorang, sekelompok anggota masyarakat, dan/atau Peserta Pemilu yang lain;
g. merusak dan/atau menghilangkan alat peraga kampanye Peserta Pemilu;
h. menggunakan fasilitas pemerintah, tempat ibadah, dan tempat pendidikan;
i. membawa atau menggunakan tanda gambar dan/atau atribut selain dari tanda gambar dan/atau atribut Peserta Pemilu yang bersangkutan; dan
j. menjanjikan atau memberikan uang atau materi lainnya kepada peserta Kampanye Pemilu.","Ketua RT. 10 di Jl. Sutoyo S Gang Karya RT 10 Kelurahan, Teluk Dalam, Kecamatan Banjarmasin Tengah",√,,,
57,Kepulauan Riau,Kabupaten Natuna,7-Jan-19,11-Jan-19,Kampanye,Penyebaran Bahan Kampanye (Kartu Nama) di Sekolah,Caleg,,,,
58,Kepulauan Riau,Kabupaten Karimun,1-Dec-17,4-Dec-17,Pendaftaran Partai Politik Peserta Pemilu 2019,Dugaan Pelanggaran Administrasi pada tahapan pendaftaran Partai Politik Pemilu 2019,Penyelenggara pemilu,,,,√
59,Kepulauan Riau,Kabupaten Karimun,28-Feb-18,27-Feb-18,Rekrutmen Panitia Pemungutan Suara se-Kabupaten Karimun,Dugaan pelanggaran administrasi pada rekrutmen calon Panitia Pemungutan Suara (PPS) Pemilu 2019 Kabupaten Karimun ,Penyelenggara pemilu,,,,√
60,Kepulauan Riau,Kabupaten Karimun,20-Oct-18,20-Oct-18,Kampanye Pemilihan Umum,Dugaan Pelanggaran Tindak Pidana Pemilu,Pengurus parpol,√,,,
61,Kepulauan Riau,Kabupaten Karimun,26-Oct-18,26-Oct-18,Kampanye Pemilihan Umum,Dugaan Pelanggaran UU Lainnya (Keterlibatan Kades Rawa Jaya pada Turnamen Perindo Cup 2 yang dilaksanakan mulai pada tanggal  26 September s.d 20 Oktober 2018),ASN,,,V,
62,Kepulauan Riau,Kabupaten Karimun,7-Oct-18,7-Oct-18,Kampanye Pemilihan Umum,Dugaan Pelanggaran Kode Etik,Penyelenggara pemilu,,√,,
63,Kepulauan Riau,Kabupaten Karimun,5-Nov-18,5-Nov-18,Kampanye Pemilihan Umum,Dugaan Pelanggaran Administrasi Pada Kampanye Pertemuan Tatap Muka,Caleg,,,√,
64,Kepulauan Riau,Kota Tanjungpinang,12-Nov-18,14-Nov-18,Kampanye Pemilu,"Pada tanggal 12 November 2018 pukul 20.00 WIB telah terjadi pembagian paket bahan makanan di Tanjung Siambang RT/RW 002/001  di kediaman rumah saudari HANISAH Kelurahan Dompak Kecamatan Bukit Bestari oleh saudara VICKY BAHTIAR Calon Anggota DPRD Kota Tanjungpinang Daerah Pemilihan Dapil 3 Kecamatan Bukit Bestari. Kejadian tersebut diketahui oleh pengawas pemilu. Pada tanggal 14 November 2018 pukul 21.44 dari saudara UNTUNG BUDIAWAN melalui pesan WhatsApp, tanggal 15 November 2018 pukul 12.00 Wib sampai pukul 21.00 Wib pengawas Pemilu (Panwascam Bukit Bestari) melakukan penelusuran terhadap informasi awal tersebut dan bertemu dengan warga yang diduga menerima pembagian paket bahan makanan tersebut. dari hasil penelusuran didapatkan keterangan 5 (lima) orang saksi yang membenarkan adanya pembagian paket bahan makanan tersebut. Pada tanggal 26 November 2018 berdasarkan form A dan hasil investigasi dari Panwaslu Kecamatan Bukit Bestari, tanggal 26 November 2018 pukul 16.00 Bawaslu Kota Tanjungpinang menetapkan menjadi temuan dan diregistrasi dengan nomor register 01/TM/PL/Kot/10.01/XI/2018.",Caleg,,,,v
65,Kepulauan Riau,Kota Tanjungpinang,15-Dec-18,15-Dec-18,Kampanye Pemilu,Panyebaran Bahan Kampanye berupa kalender yang disertai dengan pakaian (baju gamis dan penutup kepala (jilbab) yang dilakukan di tempat ibadah (Masjid Al-Jannatul A’laa) Masjid Al-Jannatul A’laa Kampung Sei Jari RT.003/ RW.003 Kel. Dompak Kec. Bukit Bestari,Caleg,,,,v
66,Kepulauan Riau,Kota Tanjungpinang,7-Jan-19,11-Jan-19,Kampanye Pemilu,Penyebaran Bahan Kampanye berupa Kartu Nama di Kampus STIE Pembangunan Tanjungpinang,Caleg,√,,v,
67,Kepulauan Riau,Kota Tanjungpinang,15-Feb-19,18-Feb-19,Kampanye,Pengrusakan APK berupa Spanduk Caleg DPRD Kota Tanjungpinang Nomor Urut 2 a.n EIS ASWATI Dapil Kepri I,Caleg,,,v,
68,Kepulauan Riau,Kota Tanjungpinang,15-Feb-19,18-Feb-19,Kampanye,Pencabutan Alat Peraga Kampanye berupa Poster Ukuran 40x60 Cm Caleg DPRD Kota Tanjungpinang dari Partai Hanura Nomor Urut 2 atas nama ABANG IBRAHIM.,Caleg,,,v,
69,Kepulauan Riau,Kota Tanjungpinang,15-Feb-19,20-Feb-19,Kampanye,Pengrusakan Alat Peraga Kampanye berupa Poster Caleg DPRD Kota Tanjungpinang dari Partai Perindo Nomor Urut 2 Dapil 2 atas nama SAMSUL HADI.,Caleg,,,v,
70,Kepulauan Riau,Kota Tanjungpinang,15-Feb-19,21-Feb-19,Kampanye,Pencabutan Alat Peraga Kampanye Caleg DPRD Kota Tanjungpinang dari Partai Demokrasi Indonesia Perjuangan Nomor Urut 12 atas nama SARMAN Dapil Kec. Tanjungpinang Timur.,Caleg,,,v,
71,Kepulauan Riau,Kota Tanjungpinang,1-Mar-19,12-Mar-19,Kampanye,Penyebaran Bahan Kampanye Berupa Kartu Nama dan Contoh Surat Suara di tempat pendidikan (TPQ Al-Qana'ah),Caleg,,,,v
72,Kepulauan Riau,Kabupaten Bintan,17-Oct-18,17-Oct-18,Kampanye,ASN tidak Netral dan Berpihak kepada salah satu pasangan calon Presiden dan Wakil Presiden ,ASN,,,√,
73,Kepulauan Riau,Kabupaten Bintan,27-Jan-19,29-Jan-19,Kampanye,Kegiatan bakti sosial pemberian sembako dan Amplop berisikan uang Rp 200.000 serta memperkenalkan calon legislatif dan meminta bantuannya kepada penerima bantuan kegiatan bakti sosial ,Caleg,,,,
74,Kepulauan Riau,Kabupaten Bintan,21-Apr-18,21-Apr-18,DPT,Dugaan pelanggaran yang dilakukan oleh salah satu anggota BPD yang ikut serta juga dan juga mendukung salah satu parpol,ASN,,,,
75,Kepulauan Riau,Kota Batam,14-Nov-18,21-Nov-18,Kampanye Pemilihan Umum,Dugaan Pelanggaran Unsur Tindak Pidana Pemilu dan Money Politik ,Caleg,,,,
76,Kepulauan Riau,Kota Batam,19-Nov-18,26-Nov-18,Kampanye Pemilihan Umum,Dugaan Pelanggaran Pemilu,Kepala Bidang Ketentraman dan ketertiban Umum Satuan Pamong Praja (Satpol PP) Kota Batam,√,,,
77,Kepulauan Riau,Kota Batam,9-Dec-18,17-Dec-18,Kampanye Pemilihan Umum,Di duga Melakukan Kegiatan  kampanye tanpa mengirimkan STTP ke pihak kepolisian dan di tembuskan ke Bawaslu Kota Batam dan Di duga melakukan Doorprize,Anggota legislatif,,,,
78,Kepulauan Riau,Kota Batam,16-Jan-19,11-Feb-19,Kampanye Pemilu,Diduga Melakukan Kegiatan kampanye tanpa mengirimkan  STTP kepihak kepolisian dan di tembuskan ke Bawaslu  Kota  Batam  2. Di duga melakukan kampanye di tempat  yang  di larang yaitu  di Rumah Ibadah 3. Di duga memberikan sesuatu barang kepada jemaat Gereja  yang tidak sesuai dengan bahan kampanye  yang diatur dalam PKPU Nomor 33 Tahun 2018 tentang Kampanye Pemilu,Caleg,√,,,
79,Kepulauan Riau,Kota Batam,28-Feb-19,4-Mar-19,Kampanye Pemilu,Dugaan Pelanggaran Tindak Pidana Pemilu yang dilakukan oleh ASN atas nama Imam Tohari Kasih SatPP ,ASN,,,V,
80,Sulawesi Tenggara,,20-May-18,,"Pencalonan Anggota DPR, DPD, DPRD Provinsi dan DPRD Kabupaten/Kota serta Pencalonan Presiden dan Wakil Presiden","Pemalsuan Dokumen oleh salah satu 
Bakal Calon Anggota DPD RI",Bacalon Peserta Pemilu,v,,,
81,Sulawesi Tenggara,,13-May-18,,Kampanye,Dudaan Pelanggaran Asas Netralitas ASN ,ASN,,,v,
82,Sulawesi Tenggara,Kabupaten Buton Selatan,,,Kampanye,"Dugaan Pelanggaran kampanye menggunakan fasilitas negara, membagikan souvenir , dan membagikan bahan  kampanye Calon Anggota DPR-RI  Nomor Urut 1 dari Partai Demokrat  UMAR ARSAL  dan calon anggota DPD RI  Nomor Urut 62  Supyan Hadi, S.Sos.I  pada masa reses dan Bakti Sosial Pelayanan Kesehatan Gratis  Rumah Aspirasi UMAR ARSAL   Anggota DRP-RI   Yang dilakukan di Kabupaten Buton Selatan",Anggota legislatif,,,,v
83,Sulawesi Tenggara,Kabupaten Buton Selatan,30-Oct-18,,Kampanye,"Di wilayah kecamatan Kadatua terkhusus desa Lipu,Berdasarkan hasil pengawasan kami, ditengah berjalannya musyawarah desa, tiba-tiba hadir salah seorang tamu yang kemudian memperkenalkan dirinya sebagai salah satu calon anggota DPR RI yang bernama LA ODE MUH. RAHMAT ZAADI yang mengatakan bahwa kehadirannya untuk silaturahmi dan berkenalan dengan masyarakat desa Lipu. Dalam silaturahmi tersebut, terdapat muatan kampanye yaitu pembagiaan stiker Calon kepada peserta rapat dan juga calon tersebut juga meminta nasihat,saran dan dukungan kepada masyarakat desa Lipu pada PEMILU 2019 mendatang. Dalam pertemuan tersebut, Bapak Kepala Desa Lipu dalam selipan sambutannyamenghimbau kepada masyarakat desa Lipu agar kiranya mengingat dan bersama- sama memberikan dukungan  Calon anggota DPR RI tersebut pada PEMILU 2019 nanti",ASN,v,,,
84,Sulawesi Tenggara,Kabupaten Buton Selatan,13-Jan-19,,"Kampanye  Calon Anggota DPR, Anggota DPRD Provinsi dan Anggota DPRD Kabupaten.",Dugaan tindak pidana Pemilihan Umum pada pelaksanaan kegiatan kampanye pertemuan tatap muka yang dilakukan oleh LM SJAFEI KAHAR Calon anggota DPR R dari Partai Persatuan Pembangunan (PPP) Daerah Pemilihan Provinsi Sulawesi Tenggara pada pelaksanaan kegiatan tersebut ada pembagian materi lainnya berupa sarung. Bertempat di Desa Bahari III (Tiga) Kecamatan Sampolawa Kabupaten Buton Selatan pada tanggal 13 Januari 2019.,Caleg,,,,v
85,Sulawesi Tenggara,Kabupaten Buton Utara,18-Apr-18,,"Pencalonan Anggota DPR, DPD, DPRD Provinsi, dan DPRD Kabupaten/Kota, Presiden dan Wakil Presiden","Melakukan Postingan di Media Sosial FB di Grup BUTUR PERUBAHAN, tanggal 18 April 2018",ASN,,,v,
86,Sulawesi Tenggara,Kabupaten Buton Utara,11-Jan-19,,Tahapan Kampanye,Dugaan Pelanggaran Netralitas ASN,ASN,,,v,
87,Sulawesi Tenggara,Kabupaten Buton,21-Nov-18,,Kampanye,Pada saat Pemeriksaan dan Penelitian Berkas atas dugan Pelanggaran Administrasi saya melihat ada Dugaan Pelanggaran Tindak Pidana Pemilu yang dilakukan oleh Calon Anggota DPRD Kabupaten Buton Dapil I yang di Duga masih menjabat sebagai Anggota BPD Desa Kancinaa,Anggota legislatif,v,,,
88,Sulawesi Tenggara,Kabupaten Buton,31-Jan-19,,Kampanye,Keterlibatan ASN dalam Kampanye Pertemuan Terbatas Partai Golkar.,ASN,,,,
89,Sulawesi Tenggara,Kabupaten Buton Tengah,26-Dec-17,,Tahapan Pencalonan,Dugaan Pelanggaran Keterlibatan Aparatur Sipil Negara (ASN) dalam Verifikasi Faktual Kepengurusan Partai Demokarsi Indonesia Perjuangan (PDIP) ,ASN,,,,v
90,Sulawesi Tenggara,Kabupaten Buton Tengah,15-Aug-18,,Tahapan Kampanye Pemilu Tahun 2019,"Adanya pertemuan Ketua dan Anggota PPK, Ketua dan Anggota PPS Kecamatan Mawasangka Tengah dengan Saudara Haris ILman yang terdaftar dalam Daftar Calon Sementara (DCS) anggota DPRD Kabupaten Buton Tengah",Penyelenggara pemilu,,v,,
91,Sulawesi Tenggara,Kabupaten Buton Tengah,19-Oct-18,,Tahapan Kampanye ,"Dugaan pelanggaran Tindak Pidana Pemilu yang dilakukan oleh saudara  H. Abuharu, calon anggota DPRD Kabupaten Buton Tengah dari Partai PDIP pada Daerah Pemilihan III (Kecamatan Mawasangka Tengah dan Kecamatan Mawasangka Timur)",Caleg,,,,v
92,Sulawesi Tenggara,Kabupaten Buton Tengah,13-Dec-18,,Tahapan Kampanye,Dugaan Pelanggaran Netralitas ASN yakni postingan di akun Facebook terlapor yang diduga sebagai bentuk keberpihakan terhadap salah satu partai politik peserta Pemilu Tahun 2019,ASN,,,v,
93,Sulawesi Tenggara,Kabupaten Buton Tengah,10-Dec-18,,Tahapan Kampanye,Dugaan pelanggaran Kampanye di luar jadwal pada saat melakukan kegiatan Reses di Kecamatan Talaga Raya,Anggota legislatif,,,v,
94,Sulawesi Tenggara,Kabupaten Bombana,9-Jan-19,,Kampanye,Adanya perangkat desa yang membagikan bahan kampanye berupa kalender peserta pemilu kepada masyarakat,ASN,,,v,
95,Sulawesi Tenggara,Kota Bau-Bau,1-Oct-18,,"Penyelesaian Sengketa Penetapan Pencalonan Anggota DPR, DPD Dan DPRD Serta Pencalonan Presiden Dan Wakil Presiden","Saudara Sadidi, S.Sos., M.Si mengucapkan selamat kepada Walikota dan Wakil Walikota Baubau Terpilih yang didalam ucapan selamat tersebut terdapat Logo Partai Pengusung Walikota dan Wakil Walikota Baubau Terpilih Periode 2018-2023.",ASN,,,,v
96,Sulawesi Tenggara,Kota Bau-Bau,5-Nov-18,,Kampanye,Kampanye menggunakan fasilitas Negara sebagaimana diatur dalam pasal 521 Jo. 280 Undang-undang No. 7 tahun 2017 Tentang Pemilihan Umum.,Caleg,,,,v
97,Sulawesi Tenggara,Kota Bau-Bau,28-Dec-18,,Kampanye,Dugaan Tindak Pidana Pemilu memberikan materi lainnya kepada peserta kampanye pemilu sebagaimana dimaksud Pasal 280 Ayat (1) huruf j dan mengikutsertakan warga negara Indonesia yang tidak memiliki hak pilih sebagaimana dimaksud Pasal 280 Ayat (2) huruf k Undang-Undang 7 Tahun 2017.,Caleg,v,,,
98,Sulawesi Tenggara,Kota Bau-Bau,28-Sep-18,,Kampanye,"Dugaan pelanggaran keterlibatan ASN membagikan postingan foto calon anggota DPD, DPR PROVINSI dan DPRD Kota Baubau",ASN,,,,v
99,Sulawesi Tenggara,Kabupaten Wakatobi,5-Nov-18,,Kampanye Pemilu,Dugaan Pelanggaran Asas Netralitas dan Kode Etik ASN,ASN,,,v,
100,Sulawesi Tenggara,Kabupaten Wakatobi,21-Nov-18,,Kampanye Pemilu,Dugaan Pelanggaran Asas Netralitas dan Kode Etik ASN,ASN,,,v,
101,Sulawesi Tenggara,Kabupaten Wakatobi,1-Dec-18,,Kampanye Pemilu,Dugaan Pelanggaran Asas Netralitas dan Kode Etik ASN,ASN,,,v,
102,Sulawesi Tenggara,Kabupaten Wakatobi,4-Jan-19,,Kampanye Pemilu,Asas Netralitas dan Kode Etik ASN,ASN,,,v,
103,Sulawesi Tenggara,Kabupaten Wakatobi,20-Jan-19,,Kampanye Pemilu,Dugaan Pelanggaran Asas Netralitas dan Kode Etik ASN,ASN,,,v,
104,Sulawesi Tenggara,Kabupaten Wakatobi,6-Mar-19,,Kampanye Pemilu,Dugaan Pelanggaran Asas Netralitas dan Kode Etik ASN,ASN, -, -,,v
105,Sulawesi Tenggara,Kabupaten Wakatobi,11-Mar-19,,Kampanye Pemilu,Dugaan Pelanggaran Asas Netralitas dan Kode Etik ASN,ASN,,,,
106,Sulawesi Tenggara,Kabupaten Muna,12-Mar-19,,Kampanye,Dugaan Money politik oleh oknum Calon Anggota DPRD Kabupaten Muna Pada PEMILU Tahun 2019 Dapil Muna VI Partai PBB Nomor urut 1 Bapak La Samuri dan atau Peluncur-Peluncurnya di Desa Lagasa Kecamatan Duruka Kabupaten Muna dalam bentuk barang yaitu Jaring Tangkap Ikan,Caleg,,,,
107,Sulawesi Tenggara,Kabupaten Muna Barat,12-Nov-18,,Kampanye,"Pembakaran Baliho (Alat Peraga) H.Muhammad Aqsha, SH Calon Anggota DPRD Kab. Muna Muna Nomor Urut 4 Barat Dapil III dari Partai Gerindra di Desa Bangko Kecamatan Maginti Kab. Muna Barat diduga dilakukan oleh  Pelaku saudara Syahrul  warga Desa Bangko Kec. Maginti Kab. Muna Barat pada hari senin Tanggal 12 November 2018 sekitar Pukul 03.00 wita. ",Masyarakat ,,,,v
108,Sulawesi Tenggara,Kabupaten Muna Barat,18-Jan-19,,Kampanye,Kegiatan Silaturahmi dan sosialisasi ( DugaanPelanggaran Administrasi dalam  Kampanye Pertemuan Tatap Muka) Calon Anggota DPR RI dari Partai Keadilan Sejahterah pada hari Jumat Tanggal 18 Januari 2019 pukul 14.30 Wita di Desa  Ondoke Kecamatan Sawerigadi Kab. Muna Barat tanpa Pemberitahuan secara Tertulis ke Aparat Kepolisian setempat,Caleg,,,,
109,Sulawesi Tenggara,Kabupaten Muna Barat,3-Feb-19,,Kampanye,"Pada Kampanye Pertemuan Terbatas Partai Golkar di Desa Lailangga Kec. Wadaga Kab. Muna Barat Pada Hari Minggu, Tanggal 03 Februari 2019 pukul 13.00-14.56 Wita bertempat di Kediaman Ibu Wa Ode Lutfinah, S.Pd. Bahwa setelah selesai Kampanye pertemuan  terbatas salah satu caleg DPRD Kab.Muna Barat atas nama Wa Ode Lutfinah, S.Pd dari Partai Golkar Nomor Urut 2  Dapil II  membagikan amplop yang berisikan uang Rp.50.000  kepada peserta kampanye.",Caleg,,,,
110,Sulawesi Tenggara,Kota Kendari,21-Oct-18,,Kampanye,Dugaan Pelanggaran terhadap asas Netralitas Aparatur Sipil Negara yang diduga dilakukan oleh Sdr. Arwan Laura (PNS/Lurah Benua Nirae Kec. Abeli Kota Kendari) karena ditemukan mengahadiri kegiatan kampanye Pertemuan Terbatas Silaturahmi Kebangsaan relawan Nasional #2019 Ganti Presiden sudah saatnya Prabowo-Sandi oleh Tim Kampanye Pasangan Calon Presiden dan Wakil Presiden Nomor Urut 2 Prabowo Subianto – Sandiaga Uno sekaligus pengukuhan relawan Nasional #2019 Ganti Presiden sudah saatnya Prabowo-Sandi di Wilayah Sulawesi Tenggara bertempat di Kopi 41 Kompleks Pertokoan Senapati Land Kota Kendari.,ASN,,,,v
111,Sulawesi Tenggara,Kota Kendari,24-Dec-18,,Kampanye,"Dugaan Pelanggaran terhadap Kode Etik Komisi Informasi Publik yang diduga dilakukan oleh Sdri. Husnawati (Anggota Komisi Informasi Publik Provinsi Sulawesi Tenggara) karena ditemukan mengahadiri kegiatan kampanye Pertemuan Tatap Muka Calon Wakil Presiden Nomor Urut 2 Sandiaga Uno bertempat di Kopi Kita Kota Kendari pada hari Senin, Tanggal 24 Desember 2018.",ASN,,,,v
112,Sulawesi Tenggara,Kota Kendari,24-Dec-18,,Kampanye,"Dugaan pelanggaran terhadap Undang-Undang nomor 1 tahun 1987 tentang kamar Dagang dan Industri khusunya Pasal 5 yang diduga dilakukan oleh Sdr. La Mandi (Ketua Kadin Provinsi Sulawesi Tenggara) karena ditemukan mengahadiri atau menjadi peserta kegiatan kampanye Pertemuan Tatap Muka Calon Wakil Presiden Nomor Urut 2 Sandiaga Uno bertempat di Kopi Kita Kota Kendari pada hari Senin, Tanggal 24 Desember 2018",Masyarakat ,,v,,
113,Sulawesi Tenggara,Kota Kendari,24-Dec-18,,Kampanye,"Dugaan pelanggaran terhadap asas Netralitas Aparatur Sipil Negara yang diduga dilakukan oleh dr. Chairil, dr. Nur Cahaya dan dr. Yeni Indra Wati (ASN/Dokter Rumah Sakit Bahteramas) karena ditemukan mengahadiri atau menjadi peserta kegiatan kampanye Pertemuan Tatap Muka Calon Wakil Presiden Nomor Urut 2 Sandiaga Uno bertempat di Kopi Kita Kota Kendari pada hari Senin, Tanggal 24 Desember 2018",ASN,,,v,
114,Sulawesi Tenggara,Kota Kendari,22-Dec-18,,Kampanye,"Dugaan pelanggaram Netralitas Aparatur Sipil Negara (ASN) yang dilakukan oleh Wa Ode Maizena, S.Pd.M.Pd. (ASN/Kepala SD Negeri 18 Mandonga), Yanti, S.Pd (ASN/Guru SDN 18 Mandonga), Wa Ode Halimu (ASN/Guru SDN 18 Mandonga), Subandriani (Honorer/Guru SDN 18 Mandonga) karena membagikan bahan kampanye berupa kalender Calon Anggota DPRD Kota Kendari Dapil I (Mandonga-Puuwatu) La Ode Abdul Arman, S.Pd Nomor Urut 8 dari Partai Keadilan Sejahtera (PKS) dan La Pili (Calon anggota DPR RI Nomor Urut 2 Dapil Sultra dari Partai Keadilan Sejahteran (PKS) di Lingkungan SDN 18 Mandonga Kel. Lalodati Kec. Puuwatu Kota Kendari, yang dibagikan kepada orang tua siswa pada saat penerimaan Rapor pada Hari Sabtu, Tanggal 22 Desember 2018 sekitar Pukul 09.05.",ASN,,,v,
115,Sulawesi Tenggara,Kota Kendari,23-Jan-19,,Kampanye,"Dugaan pelanggaram Netralitas Aparatur Sipil Negara (ASN) yang dilakukan oleh Nur Ainun Lapangati (ASN/ Staf Kantor Kecamatan Mandonga) karena memposting gambar/foto dirinya bersama salah satu caleg DPRD Kota Kendari Dapil Mandonga-Puuwatu a/n M. Ridwan Zainal, disertai dengan simbol lima(5) jari sesuai dengan nomor urut caleg tersebut, juga terdapat tulisan “bersama kita bisa.. M Ridwan Zainal M Ridwan Zainal”, dalam akun Facebook a/n NurAynun La Pangati bersama Mhylan Wahyu, ditemukan pada tgl 23 Januari 2019.",ASN,,,v,
116,Sulawesi Tenggara,Kabupaten Konawe Selatan,3-Mar-18,,Pembentukan Badan ad-hoc PPK/PPS /Penyusunan DPT,1. Dugaan pungutan liar sebesar 1 juta/PPS yang dilakukan secara pasif dan masif guna melancarkan kelolosan mereka dalam evaluasi agar diberikan pada PPK untuk di setorkan pada KPU Konawe Selatan2. Dugaan adanya Pengurus Partai yang terdapat di SIPOL lolos sebagai PPS Kec. Benua,Penyelenggara pemilu,,v,,
117,Sulawesi Tenggara,Kabupaten Konawe Selatan,14-Nov-18,,Kampanye,"1. Pada tanggal 14 November 2018 pukul 01.50 sdr. SUNARTO,S.Si dan sdr. ARWAYS, S.Ag. merespon unggahan akun media social (facebook) milik sdr. MANARFA
2. Pada tanggal 27 November 2018 pukul 23.37 wita sdr. Arways, S.Ag. merespon unggahan akun media social (facebook) milik sdr Manarfa
3. Pada Tanggal 29 November 2018 pukul 02.29 sdr.SUNARTO,S.Si merespon unggahan akun media social (facebook) milik sdr. MANARFA",Penyelenggara pemilu,,v,v,
118,Sulawesi Tenggara,Kabupaten Konawe Selatan,23-Dec-18,,Kampanye,"1. Pada hari Senin tanggal 24 Desember 2018 pukul 20.03 kami Panwaslu Kecamatan Mowila menerima informasi lewat Whatsapp yang dikirimkan oleh saudara ANDRI INDRAWAN kepada saudara WAHID, S.PdI sebagai Ketua Panwaslu Kec. Mowila, Kemudian Pada hari yang sama Pada Pukul 20.34 Kami menerima informasi dari Whatsapp saudara HASAN S yang berisihasil Screensoot isi percakapan saudara AHMAD YANI melalui Whatsapp pribadi kesalah satu anggota Panwaslu Kec. Mowila an. Yusran. Berdasarkan informasi awal yang Panwaslu Kecamatan Mowila dapatkan dari saudara ANDRI INDRAWAN dan HASAN S, Panwaslu Kecamatan Mowila melakukan Penelusuran lebih lanjut terkait Informasi dugaan Pelanggaran tersebut.
2. Padahari Senin 24 Desember 2018 Pukul 20.39, Anggota Panwaslu Kecamatan Mowila an. Yusran langsung menghubungi saudara Ahmad Yani berdasarkan hasil konfirmasi tersebut, yang bersangkutan menyatakan “Iya Sayasiap Mempertanggung Jawabkan"". 
3. Kemudian pada pukul 21.01 Panwaslu Kecamatan Mowila melaporkan kepada Bawaslu Kabupaten Konawe Selatan atas Informasi Dugaan Pelanggaran tersebut serta Hasil Pengawasan yang dilakukan oleh Panwaslu Kecamatan Mowila.
4. Kemudian pada hari senin tanggal 31 desember 2018 pukul 12.05 Wita kami dari panwaslu kecamatan mengubungi salah satu admin grup WA konsel pos membangun melalui ponsel  atas nama Arsan Tonto  memastikan apakah benar saudara Ahmad Yani tergabung di grup WA Konsel Pos Membangun beliau mengatan “Ia” kemudian kami memastikan   kebenaran postingan yang dilakukan oleh saudara Ahmad Yani (kepala desa Tetesingi). Di dalam percakapan melalui ponsel itu saudara Arsan Tonto selaku admin di grup meng “IA” kan bahwa memang ada postingan yang dilakukan oleh saudara Amaad Yani tersebut, (di buktikan dengan rekaman percakapan).
5. Kemudian pada hari rabu tanggal 2 januari 2019 pukul 13.00 Wita kami dari panwascam menemui secara langsung saudara Ahhmad Yani (kepala Desa Tetesingi) untuk memastikan kebenaran postingan yang di lakukan oleh beliau, bahwa memang benar ia tergabung di grup WA Konsel Pos Membangun, beliau juga meng Ia kan bawa telah memposting “ Tdk adapun satu berita yg baik utk pa jokowi selalu isu yg kami baca tetapi ini semakin memantapkan komitmen kami para kades seindonesia utk memenangkan pa presiden kami 2019 insya allah dan z tantang tim atau relawan pa prabowo klu bias menangkan pa prabowo di tmpat sy di desa tetesingi yg kurang lebih hampir 600 wajib pilih ---- AHMAD YANI “. beliau memposting pada bulan desember beliau sudah lupa sekitar tanggal berapa. (bukti rekaman hasil klarifikasi langsung).",ASN,,,v,v
119,Sulawesi Tenggara,Kabupaten Konawe Selatan,29-Dec-18,,Kampanye,"1. Pada hari Sabtu tanggal 29 Desember 2018 pukul 10.45 Wita, Salah satu Caleg DPRD Kabupaten Konawe Selatan Dapil I an. Ardiansyah berasal dari Partai PSI membagikan link berita disalah satu Media Online (SuaraTenggara.com) yang berjudul “Diduga Salah Gunakan Dana Desa, Oknum Kades Di Konsel Akan Dilaporkan Masyarakatnya” pada Group Whatsapp Sahabat Bawaslu Konsel.
2. Pada hari Rabu, 02 Januari 2019 pukul 11.46 Wita, Bawaslu Kabupaten Konawe Selatan menemukan didalam Laman Berita di Media Online (SuaraTenggara.com) tersebut terdapat Iklan Banner 3 (tiga) orang Caleg DPRD Kabupaten Konawe Selatan, Kemudian Pimpinan Bawaslu Kabupaten Konawe Selatan mengintruksikan kepada Staf Sekretariat an. Andi Irvan Sepriaji Imran Sirate untuk melakukan mengkonfirmasi lebih lanjut kepada Caleg yang bersangkutan.
3. Kemudian, pada hari Rabu, 02 Januari 2019 pukul, 22.30 Wita Bawaslu Kabupaten Konawe Selatan mengkonfirmasi terkait Link Berita pada Media Online (SuaraTenggara.com) tersebut  yang dimana didalamnya terdapat Iklan Banner Caleg DPRD Kabupaten Konawe Selatan kepada Saudara Ardiansyah melalui via Telephon.
4. Dari hasil konfirmasi kepada saudara Ardiansyah, didapatkah bahwa saudara Ardiansyah ditawarkan untuk memasang Iklan Banner di Media Online (SuaraTenggara.com) oleh saudara Rasman seharga 500.000,- (lima ratus ribu rupiah) dikarenakan kedekatan emosional dalam hal ini teman, maka Saudara Ardiansyah hanya dikenakan biaya pemasangan Iklan Banner tersebut dengan harga 300.000,- (tiga ratus ribu rupiah) yang dipasang sampai pada bulan Maret 2019. 
5. Saudara Ardiansyah mengakui tidak mengetahui bahwa dalam hal Metode Kampanye (Iklan Media Cetak, Media Elektronik dan Media dalam Jaringan) dimulai pada Masa Kampanye tanggal 24 Maret 2019 s/d 13 April 2019, sehingga menyetujui pemasangan Iklan Banner tersebut diatas.",Caleg,,,,v
120,Sulawesi Tenggara,Kabupaten Konawe Selatan,2-Feb-19,,Kampanye,"Dalam kegiatan kampanye yang di selenggarakan oleh Caleg DPR RI dari Partai Demokrasi Indonesia Perjuangan (PDIP) atas nama Hj. NIRNA LACHMUDDIN,S.Pd ditemukan adanya pemberian materi lainnya berupa pengobatan gratis Kepada masyarakat.",Caleg,,,,
121,Sulawesi Tenggara,Kabupaten Konawe Selatan,2-Feb-19,,Kampanye,"Dalam kegiatan kampanye yang di selenggarakan oleh Caleg DPR RI dari Partai Demokrasi Indonesia Perjuangan (PDIP) atas nama Hj. NIRNA LACHMUDDIN,S.Pd ditemukan adanya pemberian materi lainnya berupa pengobatan gratis Kepada masyarakat.",Caleg,,,,
122,Sulawesi Tenggara,Kabupaten Konawe Utara,1-Oct-18,,Kampanye,Pelanggaran Netralitas ASN dalam Penyelenggaraan Pemilu Tahun 2019.,ASN, -, -,v, -
123,Sulawesi Tenggara,Kabupaten Konawe Utara,17-Nov-18,,Kampanye,Dugaan Pelanggaran Kode Etik Penyelenggara Pemilu dalam Tahapan Penyelenggaraan Pemilu Tahun 2019.,Penyelenggara pemilu,,,,
124,Sulawesi Tenggara,Kabupaten Konawe Utara,3-Feb-19,,Kampanye,Dugaan Pelanggaran Kampanye Pemilu 2019,Caleg,,,,
125,Sulawesi Tenggara,Kabupaten Konawe,1-Dec-18,,Kampanye,Penggunaan Pasilitas Pemerintah Berupa Ambulance Perisai Untuk mengangkut APK yang diserahkan oleh KPU Kab. Konawe Ke Parpol Peserta Pemilu Tahun 2019,Pengurus parpol,,,,v
126,Sulawesi Tenggara,Kabupaten Konawe,17-Jan-19,,Kampanye,Pemberian Materi Berupa Bingkisan Sembako Kepada Masyarakat Dalam Kegiatan Kampanye,Caleg,,,,v
127,Sulawesi Tenggara,Kabupaten Konawe,19-Jan-19,,Kampanye,Pemberian Materi Berupa Bingkisan Sembako Kepada Masyarakat Dalam Kegiatan Kampanye,Caleg,,,,v
128,Sulawesi Tenggara,Kabupaten Konawe,19-Jan-19,,Kampanye,Tindakan yang menguntungkan salah satu peserta pemilu tahun 2019 dalam masa kampanye,ASN,,,,v
129,Sulawesi Tenggara,Kabupaten Konawe,11-Jan-19,,Kampanye,Pemberian Materi Berupa Bingkisan Sembako Kepada Masyarakat Dalam Kegiatan Kampanye,Caleg,,,,v
130,Sulawesi Tenggara,Kabupaten Konawe,5-Feb-19,,Kampanye,Pemberian Materi Lainnya berupa kupon pengobatan gratis dalam kegiatan kampanye,Caleg,,,,
131,Sulawesi Tenggara,Kabupaten Kolaka,25-Dec-18,,Kampanye,"Dugaan pelanggaran yang dilakukan oleh salah satu calon anggota DPR RI dari Partai Amanat Nasional (PAN) nomor urut 1 atas nama Fachry Pahlevi Konggoasa, SE",Caleg,,,,v
132,Sulawesi Tenggara,Kabupaten Kolaka,27-Dec-18,,Kampanye,"Dugaan Pelanggaran yang dilakukan oleh Ketua PPS Desa Ulu Konaweha Atas Nama Sudirman Sultan, S.Pd  yang berfoto dengan salah satu Calon Anggota DPRD Kabupaten Kolaka dari Partai PKS Nomor Urut 6 Atas Nama Asthiar Ripai yang di upload di media sosial Facebook.",Penyelenggara pemilu,,v,,
133,Sulawesi Tenggara,Kabupaten Kolaka,3-Jan-19,,Kampanye,Dugaan Pelanggaran atas asas netralitas Aparatur Sipil Negara (ASN)  dengan mengunggah status foto baliho Calon Legislatif  yang saya temukan pada tanggal 3 Januari 2019,ASN,,,v,
134,Sulawesi Tenggara,Kabupaten Kolaka,17-Jan-19,,Kampanye,Dugaan pelanggaran kode etik penyelenggara pemilu dengan melakukan foto bersama Drs. Umar Arsal sebagai Calon Anggota Legislatif DPR RI Daerah Pemilihan Sulawesi Tenggara dari Partai Demokrat pada tanggal 17 Januari 2019 di Desa Ulu Kalo Kecamatan Iwoimendaa,Penyelenggara pemilu,,,,
135,Sulawesi Tenggara,Kabupaten Kolaka,17-Jan-19,,Kampanye,Dugaan pelanggaran pidana pemilu yang diduga dilakukan oleh Calon Anggota DPR RI dari Partai Demokrat a.n Drs. Umar Arsal  dengan mengikutsertakan warga negara Indonesia yang tidak mempunyai hak pilih pada saat kampanye dalam kegiatan Sunnatan massal,Caleg,,,,v
136,Sulawesi Tenggara,Kabupaten Kolaka Timur,25-Mar-17,,Tahapan Persiapan,Dugaan Pelanggaran Asas Netralitas ASN dan Dugaan Pelanggaran Kode Etik Penyelenggara Pemilu,ASN,,v,v,
137,Sulawesi Tenggara,Kabupaten Kolaka Timur,1-Oct-18,,Tahapan Kampanye,Dugaan Adanya Calon Anggota DPRD Kabupaten Kolaka Timur Tahun 2019 yang dinyatakan lulus DCT yang tidak memenuhi syarat,Kepala Daerah,v,,,
138,Sulawesi Tenggara,Kabupaten Kolaka Timur,19-Sep-18,,"Pencalonan Anggota DPR, DPD, DPRD Provinsi dan DPRD Kabupaten/Kota serta Pencalonan Presiden dan Wakil Presiden","Tanggal 19 September 2018 kapolres Kolaka Utara menyampaikan Surat ke bawaslu Kolaka Utara untuk menindaklanjuti kasus Dugaan Pemalsuan Dokumen Pendaftaran Calon Anggota DPRD Kolaka utara Atas Nama saudara Elis Ramli dan Saudari Nirwana, masing-masing dari partai Golkar. dan pada tanggal tersebut bawaslu kolaka utara melakukan pleno dan menjadikannya sebagai Temuan dan diregistrasi dengan nomor 001/TM/KAB/28.07/IX/2018",Caleg,v,,,
139,Sulawesi Tenggara,Kabupaten Kolaka Timur,7-Dec-18,,Tahapan Kampanye,"Pada  Hari Jum;at tanggal 07 Desember 2018 Pukul 20:16 - 21:00, Melakukan Pengawasan secara lansung terhadap acara syukuran sekaligus silatuhrahmi keluarga anggota DPRD kolaka utara BUHARI DJUMAS, S.Kel, M.Si dan sekaligus calon anggota DPRD kolaka Utara Tahun 2019, di mana didalamnya terdapat seorang ASN yang terlihat aktif memmberikan masukan dan ajakan kepada seluruh rumpun keluarga yang berbunyi mudah-mudahan kelurga dapat bersatu ""mammisaki ta pilih te anak kure ta porannu'i "" yang artinya mari kita bersatu memilih keponakan kita, yang kita harapkan",ASN,,,v,
140,Sulawesi Tenggara,Kabupaten Kolaka Timur,21-Jan-19,,Kampanye,"1. Pada hari senin tanggal 21 Januari 2019 puku 10:00 - 11:30 melakukan pengawasan sosialisasi calon anggota DPR RI FAJAR BS. LASE, Nomor urut 4 dari partai PDIP. Dimana pada pada kegiataan sosialisasi tersebut terlihat hadir SYARIF BS selaku Aparat Desa/Kepala Dusun 2 Desa Maroko Kecamatan Ranteangin.
2. dan Pada pukul 16:05  tepatnya di rumah bapak sukirman desa maroko kec. tanteangin diadakan kegiatan sosialisasi oleh calon anggota DPR RI Drs. AR. ALLORANTE nomor urut 3 dari partai Nasdem dimana pada kegiaatan tersebut terlihat adanya Ketua  dan anngota BPD serta Aparat Desa maroko terlihat hadir pada kegiatan tersebut. Adapun daftar nama dan dugaan pelanggaran yang dilakuakan :
1. ABD. Haamid Ketua BPD (Hadir Dalam Sosialisasi)
2. Muslimin B Anggota B (Hadir serta berjabat tangan calon legislatif yanng melakukan sosialisasi)
3. Rusman T Anggota BPD (Memakai Baju Partai Nasdem)
5. Attas Anggoat BPD (Berpoto dengan calon legislatif sambul mengacungkan jari angka 3)
6. Daeng Nai Kepala Dusun 4 (Hadir dalam Kegiatan )
7.  Mahir Kepala dusun 3 (hadir dalam kegiaatan)",ASN,,,,
141,Sulawesi Tenggara,Kabupaten Kolaka Timur,21-Jan-19,,Kampanye,"Pada Hari Senin tanggal 21 Januari 2019 pukul  10:30 - 11:30 Wita melakukan pengawasan secara lansung di desa-desa kec. Wawo dan didalam perjalanan kami menemukan spanduk salah satu calon anggota DPRD kabupaten kolaka utara yakni ABU MUSLIM SM, SH No. Urut 8 dari partai Golkar  terpasang di  rumah warga milik HJ.NURA. berdasarkan keterangan pemilik rumah HJ.NURA. menjelaskan bahwa yang memasang  spanduk  calon anggota DPRD kabupaten kolaka utara yakni ABU MUSLIM SM, SH No. Urut 8 dari partai Golkar  ialah ARHAMUDDIN (Aparat Desa Pumbolo)   ",ASN,,,,
142,Sulawesi Tenggara,Kabupaten Kolaka Timur,2-Mar-19,,Kampanye,Pada Hari Sabtu Tanggal 02 Maret 2019 Pukul 14.00 Wita Panwaslu Kec. Ngapa melakukan pengawasan secara langsung pada kegiatan kampanye/ Sosialisasi Caleg DPR RI  dari Partai Demokrat  Dapil  Sultra yang dilaksanakan  Oleh  Drs. Umar Arsal  di Kediaman H. Jumardin SE Desa Lawolatu Kec. Ngapa. Dalam pengawasan tersebut melihat adanya  keterlibatan  Ketua BPD Desa Lahabaru Kecamatan Watunohu Kabupaten Kolaka Utara An. Arisman (Daeng Pasara) Bertindak sebagai  Pemandu Acara/MC ( Master of Ceremony) dalam acara Kampaye tersebut dan dengan semangat meneriakan Kata “Menangkan Partai demokrat”  ,Penyelenggara pemilu,,,,
143,Sulawesi Tenggara,Kabupaten Konawe Kepulauan,10-Nov-18,,Kampanye,Adanya gambar/foto Nurhayati Calon Anggota DPRD Kabuapten Konawe Kepulauan yang di posting/dikirim oleh saudara Nusran pada group WhatsApp Tim Pelaksana Inovasi Desa Kabupaten Konawe Kepulauan ,Penyelenggara pemilu,,v,,
144,Provinsi Sumatera Selatan,Kabupaten Muara Enim,,29-Jul-18,Pencalonan,Caleg masuk DCT terindikasi sebagai pegawai Honorer di Lingkungan Pemerintah Kab. Muara Enim.,Caleg,,v,,
145,Provinsi Sumatera Selatan,Kabupaten Muara Enim,,11-Aug-18,Pencalonan,Caleg masuk DCT terindikasi sebagai Tenaga Kesejahteraan Sosial Kecamatan (TKSK) Kecamatan Tanjung Agung,Caleg,,v,,
146,Provinsi Sumatera Selatan,Kabupaten Pali,,15-Aug-18,Pencalonan,Berawal dari laporan masyarakat kisruh Caleg Incumben PPP aktif mencalonkan diri dari PKS jadi informasi awal kemudian dijadikan temuan panwas,Caleg,,,v,
147,Provinsi Sumatera Selatan,Kota Palembang,,21-Aug-18,Daftar Pemilih,"DPT belum selesai di Input ke Sidalih, Oleh KPU Kota Palembang.",Penyelenggara pemilu,,v,,
148,Provinsi Sumatera Selatan,Kota Palembang,,15-Oct-18,Kampanye,Dugaan Pelanggaran Pemilu Kampanye Media Cetak diluar jadwal,Peserta Pemilu,,v,,
149,Provinsi Sumatera Selatan,Kabupaten Musi Rawas,,11-Nov-18,Kampanye,ASN dari Dishub Kominfo MURA melakukan Upload berulang-ulang Photo Caleg di medsos dugaan melanggar UU No. 5 tahun 2014 tentang ASN dan dan PP 53 tahun  2010 Tentang Disiplin Pegawai Negeri Sipil ,ASN,,,v,
150,Provinsi Sumatera Selatan,Kabupaten Muara Enim,,12-Nov-18,Kampanye,Dugaan Pelanggaran Kode Etik Penyelenggara Pemilu,Penyelenggara pemilu,,,v,
151,Provinsi Sumatera Selatan,Kabupaten Muara Enim,,19-Nov-18,Kampanye,Sambutan Kepala desa Tanjung Baru untuk mendukung Caleg Provinsi (Nurul Aman PPP) dan Caleg Kab. PDIP (Isnan Hadi) di Pemilu  2019,ASN,,,v,
152,Provinsi Sumatera Selatan,,,22-Nov-18,Kampanye,Dugaan Pengrusakan APK dan penertiban APK yang tidak berkeadilan,,v,,,
153,Provinsi Sumatera Selatan,Kabupaten Musi Rawas,,28-Nov-18,Kampanye,Dugaan Pertemuan Terbatas antara Caleg DPR-RI Dengan Penyelengara Pemilu (PPS),Caleg,,,v,
154,Provinsi Sumatera Selatan,,,17-Dec-18,Kampanye,Dugaan Pelanggaran Penertiban APS yang tebang Pilih dan indikasi Ketua Bawaslu Mura masih satu keluarga dengan salah satu  caleg atas nama Nasrun.,Penyelenggara pemilu,,,,v
155,Provinsi Sumatera Selatan,Kabupaten Pali,,18-Dec-18,Pencalonan,Calon DPRD An. Jenedi tidak mengundurkan diri sebagai Ketua BPD Desa Pandan Kec. Tanah Abang,Caleg,,,,v
156,Provinsi Sumatera Selatan,Kota Palembang,,1-Feb-19,Pembentukan Panitia Pemilihan Kecamatan (PPK) Panitia Pemilihan Luar Negeri (PPLN) dan Panitia Pemungutan Suara (PPS) ,Pada tanggal 29 Januari 2019 pelapor menerima  surat panggilan klarifikasi mengenai pelapor diduga sebagai anggota dan penggurus partai PPP Kota Palembang ke Kantor KPU Kota Palembang bertemu dengan komisioner ibu Yetti Divisi SDM Pukul 10.00 Wib. Pada tanggal 30 Januari 2019 Pelapor di Vonis diberhentikan Sebagai Ketua/Anggota PPK Ilir Barat I.,,,v,,
157,Provinsi Sumatera Selatan,,,18-Feb-19,Kampanye,Dugaan pelanggaran netralitas ASN yang mengarahkan camat untuk mendukung caleg peserta pemilu tahun 2019,ASN,,,v,
158,Provinsi Sumatera Selatan,,,19-Feb-19,Kampanye,"Dugaan Pelanggaran Netralitas Pejabat Negara, ASN yang mendukung salah satu Capres Dan Cawapres",ASN,,,v,
159,Provinsi Sumatera Selatan,Kabupaten Banyuasin,,19-Feb-19,Kampanye,"Dugaan Pelanggaran Netralitas Pejabat Negara, ASN yang mendukung salah satu Capres Dan Cawapres",ASN,,,,v
160,Provinsi Sumatera Selatan,Kabupaten Muara Enim,,27-Feb-19,Kampanye,Dugaan pelanggaran pemilu yang dilakukan Wakil Bupati Muara Enim yang melanggar aturan kampanye. ,Kepala daerah,,,v,
161,Provinsi Sumatera Selatan,Kabupaten Musi Rawas ,,11-Mar-19,Kampanye,"Dugaan unggahan akun FB An. Samsul Bahri Sams yg menguplod foto surat pernyataan mendukung caleg DPRD Musi Rawas Dapil IV An. Miswanto yg di lakukan oleh Oknum ASN yg menjabat sebagai Kepala Sekolah MTS.  Rhodiyus Solihin atas nama H. Tarya, S. Pd. I kpd Wali Murid.",ASN,,,v,
162,Provinsi Sumatera Selatan,Kabupaten Empat Lawang,,13-Mar-19,Kampanye,Dugaan tidak adanya kenetralan kepala desa di desa pajar bakti kecamatan tebing tinggi kabupaten empat lawang,ASN,,,,v
163,Provinsi Sumatera Selatan,Kabupaten Banyuasin,,20-Mar-19,Kampanye,Dugaan Netraltas ASN yang mendukung salah satu calon legislatif,ASN,,,,v
164,Provinsi Sumatera Selatan,Kabupaten Musi Rawas,,28-Mar-19,Kampanye,"Pada hari minggu, 24 Maret 2019 pemasangan bendera Partai Demokrat dilakukan di depan rumah Sdr. Hakim,  kemudian Sdr. Rozali datang mematahkan bendera dan berkata kasar bahwa bendera Partai Demokrat tidak boleh dipasang. Sdr. Rozali memihak partai lain dan hanya membolehkan mengibarkan bendera Partai PKS. Diketahui bahwa adik kandung Sdr. Rozali merupakan salah satu caleg dari Partai PKS Nomor urut 03. Sdr. Rozali menjabat sebagai Kepala Desa dan menunjukkan sikap tidak netral ",,,,,v
165,Provinsi Sumatera Selatan,,,1-Apr-19,Kampanye,"Dugaan Kampanye melibatkan anak-anak dalam kampanye memakai baju Capres 02, serta pemberian doorprize berupa sepeda hadiah utama berangkat Umroh ",Partai Politik,,,,v
